id,name,email,address,phone_number
201,customer1,customer1@example.com,Nancy1,04-22-78-03-42
202,customer2,customer2@example.com,Nancy2,04-22-78-03-43
203,customer3,customer3@example.com,Nancy3,04-22-78-03-44
204,customer4,customer4@example.com,Nancy4,04-22-78-03-45
205,customer5,customer5@example.com,Nancy5,04-22-78-03-46
61530,Iina,iina.toro@example.com,Tuusniemi,09-585-619
21534,customer2,customer2@example.com,Nancy2,04-22-78-03-43
47456,customer1,customer1@example.com,Nancy1,04-22-78-03-42
42124,Inaya,inaya.bernard@example.com,Nice,01-15-47-07-92
74425,Kayla,kayla.wright@example.com,Hastings,(589)-934-9819
43301,Iina,iina.toro@example.com,Tuusniemi,09-585-619
65256,customer5,customer5@example.com,Nancy5,04-22-78-03-46
62290,customer2,customer2@example.com,Nancy2,04-22-78-03-43
34546,Ay?e,ayse.ozturk@example.com,Mersin,(092)-929-5047
82480,name,email,address,phone_number
62383,Angus,angus.thompson@example.com,Hamilton,(312)-305-6347
42282,customer3,customer3@example.com,Nancy3,04-22-78-03-44
49904,customer2,customer2@example.com,Nancy2,04-22-78-03-43
55137,customer5,customer5@example.com,Nancy5,04-22-78-03-46
10316,customer2,customer2@example.com,Nancy2,04-22-78-03-43
58062,customer1,customer1@example.com,Nancy1,04-22-78-03-42
55411,Alexandre,alexandre.ekkelboom@example.com,Pesse,(176)-853-7676
10691,Lohan,lohan.rolland@example.com,Saint-Étienne,03-54-81-91-97
74310,Iina,iina.toro@example.com,Tuusniemi,09-585-619
96051,???,rd.ysmy@example.com,???,041-76206445
36698,Sofia,sofia.thomas@example.com,Hamilton,(489)-965-0894
44382,customer2,customer2@example.com,Nancy2,04-22-78-03-43
69406,customer5,customer5@example.com,Nancy5,04-22-78-03-46
44927,Inaya,inaya.bernard@example.com,Nice,01-15-47-07-92
77568,Henrik,henrik.licht@example.com,Flörsheim am Main,0068-7746211
88667,Cindy,cindy.steeves@example.com,Albuquerque,(421)-040-6755
61972,customer4,customer4@example.com,Nancy4,04-22-78-03-45
55988,name,email,address,phone_number
38902,Timon,timon.perez@example.com,Fisibach,075 292 72 55
78320,Cristina,cristina.wieser@example.com,Worms,0769-1125841
58719,Aiden,aiden.walker@example.com,Tullamore,031-067-6463
84661,Tomé,tome.dacunha@example.com,Araras,(16) 0081-6650
95281,name,email,address,phone_number
17330,customer4,customer4@example.com,Nancy4,04-22-78-03-45
82689,customer2,customer2@example.com,Nancy2,04-22-78-03-43
19512,customer5,customer5@example.com,Nancy5,04-22-78-03-46
39700,August,august.jensen@example.com,Viby Sj.,89040954
99569,customer1,customer1@example.com,Nancy1,04-22-78-03-42
86307,customer2,customer2@example.com,Nancy2,04-22-78-03-43
84899,Isak,isak.saeternes@example.com,Stokke,81143952
67114,Steven,steven.may@example.com,Port Macquarie,08-0029-6614
